x0,x1,label
-28.701132,-3.1782348,Anjunabeats
-51.245815,-10.156727,Anjunabeats
-57.473244,1.520996,Anjunabeats
-56.215878,-4.283247,Anjunabeats
-42.82168,-12.782657,Anjunabeats
-34.710873,4.504918,Anjunabeats
54.059544,13.135851,FSOE
50.29364,-2.9829893,FSOE
50.11905,-2.4093578,FSOE
52.9647,2.9546435,FSOE
44.66515,13.805231,FSOE
40.154793,-1.8139651,FSOE
-35.568947,15.221167,Anjunabeats
-23.610184,-4.890695,Anjunabeats
-26.139315,-12.390982,Anjunabeats
-8.619561,31.343334,Anjunabeats
-57.559143,3.2789283,Anjunabeats
-57.166145,8.093586,Anjunabeats
-12.344752,-0.5007352,FSOE
-18.757565,-10.676327,FSOE
8.423281,15.614853,FSOE
6.9617896,21.657455,FSOE
9.654609,-22.741985,FSOE
20.001345,-5.3460116,FSOE
2.6253998,8.918993,Coldharbour
26.386566,0.16572955,Coldharbour
39.011642,-4.9723754,Coldharbour
30.133406,4.5214167,Coldharbour
44.409016,4.401918,Coldharbour
26.90518,-3.3895605,Coldharbour
-20.407288,0.49185216,Anjunabeats
-45.870296,-20.864956,Anjunabeats
-52.07124,11.55881,Anjunabeats
-52.14764,11.431384,Anjunabeats
-51.961548,12.217845,Anjunabeats
-27.258135,1.3381693,Anjunabeats
-34.298767,3.578412,Anjunabeats
-54.827103,8.170388,Anjunabeats
-40.315083,4.986592,Anjunabeats
-33.748062,20.397406,Anjunabeats
-29.233826,13.648186,Anjunabeats
-29.4672,13.306143,Anjunabeats
51.540268,8.190809,FSOE
41.64217,-4.96622,FSOE
51.909897,-3.0036862,FSOE
52.998707,-2.108502,FSOE
52.601833,-1.9594368,FSOE
53.224377,-0.5389289,FSOE
30.575052,29.918814,FSOE
25.74984,28.071442,FSOE
27.873646,5.0416355,FSOE
-49.333595,17.020023,FSOE
-21.310957,5.502878,FSOE
29.828423,-5.3933487,FSOE
-26.663366,-23.083025,Coldharbour
-24.883224,-21.598227,Coldharbour
-16.778593,-40.943962,Coldharbour
-9.781978,-39.907543,Coldharbour
-9.866664,-40.79587,Coldharbour
-14.961524,-42.75418,Coldharbour
-37.62265,-19.48998,Anjunabeats
-46.936207,3.2380798,Anjunabeats
-55.437416,-3.5740662,Anjunabeats
-47.800133,-6.0555105,Anjunabeats
-37.33995,-20.04129,Anjunabeats
-26.708467,16.16712,Anjunabeats
39.031128,-7.762754,WAO138
-4.975336,5.329901,WAO138
28.328508,26.733236,WAO138
35.110703,22.384268,WAO138
27.656199,21.181396,WAO138
27.575218,19.4727,WAO138
5.2858963,2.1696277,WAO138
-42.186874,13.977855,WAO138
-6.2470765,33.134624,WAO138
11.938176,14.498954,WAO138
-1.947549,28.590492,WAO138
-1.1034464,33.606777,WAO138
-22.667122,-29.154219,Coldharbour
-8.147515,-32.40003,Coldharbour
-10.82932,-38.95316,Coldharbour
-0.53985894,-40.926838,Coldharbour
-8.265404,-40.428043,Coldharbour
-9.647575,-38.38303,Coldharbour
-43.13333,0.82006264,Anjunabeats
-43.397434,10.412144,Anjunabeats
-41.58823,21.944475,Anjunabeats
-56.523766,7.1677322,Anjunabeats
-57.057446,7.3686223,Anjunabeats
-42.789024,17.934633,Anjunabeats
13.269601,37.37204,WAO138
29.089323,3.1655486,WAO138
5.031257,23.122568,WAO138
25.246964,29.601274,WAO138
5.8573403,39.48881,WAO138
22.253513,29.278357,WAO138
14.531058,37.18898,WAO138
-13.975624,8.694635,WAO138
14.66875,-11.304008,WAO138
13.500932,24.945116,WAO138
11.678814,35.43245,WAO138
12.201947,32.942593,WAO138
42.775867,7.9161158,FSOE
0.619204,7.187345,FSOE
1.8000041,5.900568,FSOE
28.26352,-11.285033,FSOE
19.93012,-11.604171,FSOE
31.493437,14.404801,FSOE
-6.620217,-37.879375,Coldharbour
-7.520413,-38.162632,Coldharbour
-24.252325,-27.119196,Coldharbour
-4.9834194,-9.6172495,Coldharbour
-18.64086,-41.328644,Coldharbour
-0.26358813,-16.27526,Coldharbour
-3.593983,23.786325,FSOE
19.842497,15.082027,FSOE
36.416813,-19.473162,FSOE
10.734224,20.58334,FSOE
8.277472,-14.345062,FSOE
12.243244,-20.144085,FSOE
-34.113678,-9.608126,Coldharbour
-11.2255125,-8.883951,Coldharbour
18.208227,-10.927611,Coldharbour
14.935308,-5.453185,Coldharbour
19.07532,-10.752236,Coldharbour
13.638093,-17.342867,Coldharbour
-25.127916,-18.343409,Coldharbour
-8.533546,-32.205025,Coldharbour
-9.784953,-11.563515,Coldharbour
-8.674543,-37.22155,Coldharbour
-9.590239,-39.047943,Coldharbour
-10.237823,-38.365837,Coldharbour
-12.042171,-37.50928,Coldharbour
-23.718122,-19.976986,Coldharbour
-5.3568645,-37.295723,Coldharbour
0.7801383,-25.003069,Coldharbour
-5.4866276,-29.062038,Coldharbour
13.063033,-21.93564,Coldharbour
26.78745,-19.04248,FSOE
40.06015,7.8090014,FSOE
40.393574,8.021374,FSOE
53.5991,1.0699378,FSOE
41.466278,-3.9833972,FSOE
-4.723408,1.521751,FSOE
3.747257,34.537556,WAO138
13.400493,33.30398,WAO138
9.722385,23.418827,WAO138
10.501624,-20.669544,WAO138
8.856273,11.68588,WAO138
4.94096,32.933533,WAO138
-32.307796,-3.7528832,FSOE
-32.611954,-3.8340013,FSOE
32.124714,-19.827234,FSOE
45.69958,-4.497159,FSOE
45.25732,11.908025,FSOE
44.13184,12.997924,FSOE
7.4029655,-10.352487,WAO138
7.6088095,37.21774,WAO138
10.175519,34.25496,WAO138
18.460896,-0.5731681,WAO138
15.140018,-2.286466,WAO138
4.9215317,33.8905,WAO138
-30.422707,18.904398,Anjunabeats
-6.9920807,12.898762,Anjunabeats
-39.232292,15.267325,Anjunabeats
-44.54677,18.48946,Anjunabeats
-43.657185,19.14866,Anjunabeats
-45.039223,18.954636,Anjunabeats
5.258189,1.596205,FSOE
30.936552,-14.876937,FSOE
29.811504,-6.4266415,FSOE
34.868813,-0.38579485,FSOE
33.28008,7.012632,FSOE
23.841137,-3.173255,FSOE
-41.1771,2.3762324,Anjunabeats
-37.651363,5.8669252,Anjunabeats
-25.468359,-15.385156,Anjunabeats
-43.390755,-16.352968,Anjunabeats
-56.772556,-3.6162527,Anjunabeats
-47.834557,-10.920476,Anjunabeats
-11.127033,-9.48159,FSOE
22.569874,-17.774778,FSOE
14.173009,-22.360853,FSOE
12.885394,-11.997525,FSOE
16.194862,-18.40724,FSOE
8.709329,12.448005,FSOE
-35.07495,-0.6317534,Anjunabeats
-28.237259,-5.1126847,Anjunabeats
-44.409763,5.3908997,Anjunabeats
-45.850193,5.928178,Anjunabeats
-35.93779,19.960552,Anjunabeats
-56.678455,2.7420254,Anjunabeats
-43.82229,12.435985,Anjunabeats
-17.993433,7.0769415,Anjunabeats
-46.682793,20.328508,Anjunabeats
-57.745502,8.904186,Anjunabeats
-41.155178,24.378284,Anjunabeats
-44.41964,20.382858,Anjunabeats
-21.626648,-27.975811,Coldharbour
-2.3716006,-35.855415,Coldharbour
-21.988396,-27.933784,Coldharbour
3.5527084,-38.208126,Coldharbour
2.830517,-38.311012,Coldharbour
2.3816144,-39.813526,Coldharbour
-44.83256,4.577707,Anjunabeats
-42.1169,3.6421335,Anjunabeats
-35.460217,2.9407473,Anjunabeats
-39.614777,-17.707045,Anjunabeats
-2.7277966,-21.58027,Anjunabeats
-1.4098841,-21.497719,Anjunabeats
11.746485,27.661753,WAO138
-1.0831919,31.693954,WAO138
-12.742422,9.406847,WAO138
-5.142907,32.790516,WAO138
-2.8453643,34.28462,WAO138
-11.370347,13.688034,WAO138
45.776493,-12.821094,FSOE
45.764233,-9.217227,FSOE
54.16797,-3.4545798,FSOE
11.011951,-17.217838,FSOE
41.403667,4.2986608,FSOE
42.905167,1.750646,FSOE
38.08747,-15.348903,FSOE
37.995876,-19.204723,FSOE
19.934937,-22.299162,FSOE
36.00709,27.39672,FSOE
37.876163,8.7092085,FSOE
36.23759,8.940079,FSOE
-7.017308,12.970504,WAO138
25.690134,-2.2204165,WAO138
8.531428,14.926863,WAO138
34.204475,16.820328,WAO138
42.61332,18.250961,WAO138
53.0435,9.997905,WAO138
17.176634,32.879635,WAO138
4.163248,22.363825,WAO138
2.7452292,-14.334417,WAO138
11.43542,36.36755,WAO138
14.892096,33.571568,WAO138
10.271704,17.016336,WAO138
-45.74807,3.5265365,Anjunabeats
-55.29249,2.6847787,Anjunabeats
-47.651787,-13.067228,Anjunabeats
-25.633713,18.652727,Anjunabeats
-33.1506,11.305694,Anjunabeats
-36.194878,18.381317,Anjunabeats
-50.66763,-12.237152,Anjunabeats
-35.064754,-0.21555795,Anjunabeats
-29.335388,-2.0939393,Anjunabeats
-23.440409,22.007975,Anjunabeats
-29.030434,9.320228,Anjunabeats
-29.089167,9.136898,Anjunabeats
-47.586555,3.8476555,Anjunabeats
-28.261446,-13.883473,Anjunabeats
-45.024033,-9.009825,Anjunabeats
-29.101486,16.445284,Anjunabeats
-38.80431,0.91676474,Anjunabeats
-30.024038,-7.203571,Anjunabeats
-23.851698,13.702977,WAO138
-9.340144,-1.9262195,WAO138
19.935944,-0.19469291,WAO138
31.624847,8.426086,WAO138
34.97921,8.750156,WAO138
9.340058,24.64687,WAO138
-32.963512,0.70659393,Anjunabeats
-53.88159,-0.59554136,Anjunabeats
-8.310042,-22.852564,Anjunabeats
-3.5187452,-22.042608,Anjunabeats
-45.54234,-11.29364,Anjunabeats
-46.282154,-11.58445,Anjunabeats
0.5721384,9.578582,FSOE
-2.1358476,4.588908,FSOE
20.54512,-11.373939,FSOE
44.221287,11.7162075,FSOE
43.55792,10.702039,FSOE
21.303257,-3.4382124,FSOE
-12.661105,7.4920216,FSOE
-18.430542,9.077714,FSOE
-35.402386,-10.850551,FSOE
3.5144165,22.099382,FSOE
33.86515,17.624184,FSOE
33.517353,17.479406,FSOE
-29.570072,2.1904078,Anjunabeats
28.418577,-20.290743,Anjunabeats
-28.031221,-19.371204,Anjunabeats
-33.621708,-12.883601,Anjunabeats
-39.815453,2.0000508,Anjunabeats
7.632332,10.577547,Anjunabeats
20.118176,22.95645,FSOE
-4.29008,10.2406025,FSOE
21.608824,-10.866634,FSOE
37.25307,13.055401,FSOE
41.218845,13.065415,FSOE
43.95695,14.516867,FSOE
-1.2022176,-25.085922,Coldharbour
1.6114894,-21.868574,Coldharbour
3.5627434,-39.186424,Coldharbour
-11.23217,-36.684155,Coldharbour
1.7727277,-28.66163,Coldharbour
-1.9902538,-35.408173,Coldharbour
45.670605,-11.241848,FSOE
40.36522,-16.503952,FSOE
43.327736,-13.230439,FSOE
38.013897,3.2435558,FSOE
41.40652,9.42053,FSOE
28.824179,15.4571495,FSOE
-6.3505993,-34.06479,Coldharbour
-13.384047,-30.049519,Coldharbour
-12.907394,-30.183022,Coldharbour
-8.567417,-29.104939,Coldharbour
-8.04129,-26.881735,Coldharbour
-7.221196,-28.319944,Coldharbour
51.26406,11.169255,FSOE
36.50405,-10.75143,FSOE
41.197224,-14.905159,FSOE
35.33236,2.828028,FSOE
48.207558,-0.47732365,FSOE
48.134464,-0.0036445928,FSOE
25.387375,10.049811,FSOE
-28.028389,-7.356142,FSOE
-18.992493,-6.331008,FSOE
34.76665,-0.99023235,FSOE
38.169502,10.213957,FSOE
40.984127,13.11485,FSOE
16.683619,37.052353,WAO138
-8.643205,16.566381,WAO138
29.565914,14.760873,WAO138
11.785872,9.483717,WAO138
26.288008,20.781418,WAO138
32.925884,23.581184,WAO138
6.5875955,33.528202,WAO138
-9.668565,16.357124,WAO138
-4.7118907,25.961695,WAO138
3.0679433,35.164955,WAO138
1.8675344,34.23829,WAO138
-1.0455302,32.97265,WAO138
3.1608224,-43.233696,Coldharbour
9.4200535,-24.29019,Coldharbour
7.5504384,-27.18309,Coldharbour
-3.416804,-30.97197,Coldharbour
0.119577,-32.067467,Coldharbour
0.8319863,-32.20347,Coldharbour
-23.87991,2.0036745,Anjunabeats
-45.035503,12.044504,Anjunabeats
-55.12135,2.454448,Anjunabeats
-45.30243,-0.9569225,Anjunabeats
-34.436108,23.966923,Anjunabeats
-56.251328,8.16446,Anjunabeats
43.77297,-10.972494,FSOE
-3.215457,3.4538627,FSOE
19.923914,-12.173096,FSOE
40.726177,13.732732,FSOE
43.79086,2.6537216,FSOE
42.37879,-16.963835,FSOE
29.775406,32.22083,WAO138
-3.0397797,12.467756,WAO138
21.59372,16.526438,WAO138
-5.898035,1.8896348,WAO138
28.820929,29.303217,WAO138
30.880747,21.01825,WAO138
27.73206,12.724593,FSOE
-1.2333046,3.7013526,FSOE
24.649448,3.0261328,FSOE
36.632828,10.142036,FSOE
40.410446,11.214787,FSOE
34.849964,12.830144,FSOE
-3.2573001,11.569096,FSOE
-34.52054,-7.635881,FSOE
-3.0676582,17.617533,FSOE
27.230085,14.609531,FSOE
38.316246,15.945229,FSOE
50.36526,9.433406,FSOE
31.115814,-21.721828,Coldharbour
-6.948225,-33.573853,Coldharbour
1.1987768,-27.445774,Coldharbour
14.758571,-10.778553,Coldharbour
15.701302,-17.201252,Coldharbour
17.355902,-18.22885,Coldharbour
-12.853233,6.9287806,WAO138
-4.219597,5.052178,WAO138
39.60984,-22.133652,WAO138
49.951847,13.67447,WAO138
48.852623,12.298122,WAO138
48.918705,15.753296,WAO138
3.5531316,-20.209547,WAO138
8.761862,24.503654,WAO138
9.821973,-19.395782,WAO138
16.083212,-0.14328763,WAO138
21.22483,-2.4363666,WAO138
11.569735,29.915222,WAO138
-13.981834,-43.697414,Coldharbour
-26.941368,-23.233395,Coldharbour
-37.91924,-17.08024,Coldharbour
-18.018213,-34.872284,Coldharbour
-2.6066961,-37.84492,Coldharbour
-2.7668014,-38.446987,Coldharbour
11.475475,31.577614,WAO138
35.80968,-11.235315,WAO138
-0.77778816,2.9780385,WAO138
4.3749776,-27.50712,WAO138
12.730943,25.229378,WAO138
12.311676,23.958174,WAO138
47.69775,-8.412666,FSOE
24.51062,-13.9694195,FSOE
23.110838,-13.161084,FSOE
47.671875,-15.313828,FSOE
52.230564,5.474166,FSOE
47.06443,8.847592,FSOE
-51.094383,-6.7631354,Anjunabeats
-45.231228,12.809482,Anjunabeats
-47.886337,11.331569,Anjunabeats
-45.301693,13.952776,Anjunabeats
-52.08065,-6.466906,Anjunabeats
-52.77759,-7.319708,Anjunabeats
31.727798,-9.583713,FSOE
2.1050625,5.1930943,FSOE
41.549534,-5.4193625,FSOE
38.095894,18.676733,FSOE
56.00244,8.154326,FSOE
35.08801,18.319813,FSOE
48.634018,10.513237,FSOE
49.104042,10.435827,FSOE
33.28979,-6.204799,FSOE
31.155895,14.484574,FSOE
34.42677,22.973846,FSOE
34.528046,23.118847,FSOE
-0.6237062,9.058218,FSOE
-1.0516069,9.711338,FSOE
40.05316,-8.13704,FSOE
52.718758,12.229288,FSOE
40.69685,17.700567,FSOE
40.413754,15.718109,FSOE
41.978848,-8.721416,FSOE
27.274748,-18.423866,FSOE
39.87854,21.887888,FSOE
32.921093,-4.5557127,FSOE
36.93893,-6.048337,FSOE
53.95259,10.163202,FSOE
26.293003,29.746115,WAO138
24.39203,1.788973,WAO138
20.779238,24.341625,WAO138
10.637008,35.610863,WAO138
24.848705,27.445799,WAO138
23.389034,26.193146,WAO138
-5.315466,-32.339146,Coldharbour
-22.194986,-12.353019,Coldharbour
-14.657313,-17.251951,Coldharbour
29.92837,-13.268328,Coldharbour
14.621217,-22.390854,Coldharbour
2.3679605,-41.568825,Coldharbour
-33.404194,1.6751004,Anjunabeats
-40.978992,14.330011,Anjunabeats
-38.65794,-11.061667,Anjunabeats
10.610133,-5.4741697,Anjunabeats
-10.870268,-25.073635,Anjunabeats
17.387962,-24.047773,Anjunabeats
-0.45896086,3.945952,FSOE
54.860165,12.031457,FSOE
39.443913,2.8575854,FSOE
21.98752,-6.549867,FSOE
31.870949,12.159893,FSOE
32.40372,10.672905,FSOE
20.183659,8.162584,FSOE
47.120384,-3.3014367,FSOE
32.37888,-14.370502,FSOE
16.408075,-20.47595,FSOE
30.063726,-7.3382983,FSOE
48.123653,-14.675257,FSOE
-4.808668,10.38845,FSOE
39.815445,-7.983995,FSOE
32.477913,-3.0433764,FSOE
45.55826,12.490699,FSOE
52.114197,4.4197693,FSOE
51.480812,4.092487,FSOE
39.539825,6.0361648,FSOE
51.081684,7.0987043,FSOE
0.5185211,0.32204393,FSOE
-20.047499,0.34626186,FSOE
47.50572,14.73636,FSOE
-9.733901,15.416052,FSOE
51.51081,7.2058277,WAO138
-2.1435213,8.169313,WAO138
24.113907,23.207249,WAO138
39.350784,22.573954,WAO138
44.810337,16.285975,WAO138
26.73615,16.410255,WAO138
-32.083797,-5.494298,Coldharbour
-45.563618,-20.365988,Coldharbour
-46.531116,-20.401274,Coldharbour
-27.518911,-22.63881,Coldharbour
-27.061733,-20.08349,Coldharbour
-18.13916,-35.791115,Coldharbour
-13.4469595,-32.987465,Anjunabeats
-32.522316,-16.88648,Anjunabeats
-42.06213,4.254303,Anjunabeats
-55.788517,6.3535366,Anjunabeats
-40.898495,16.330864,Anjunabeats
-54.403923,-5.8055143,Anjunabeats
-6.3482466,-35.930305,Coldharbour
-5.685276,-39.025127,Coldharbour
0.981218,-35.78057,Coldharbour
3.0180671,-12.473692,Coldharbour
-0.08886546,-21.528044,Coldharbour
4.241665,-37.57676,Coldharbour
1.4075471,-43.15791,Coldharbour
-0.010044108,-35.680798,Coldharbour
7.9774346,-21.071817,Coldharbour
-0.078033075,-27.446909,Coldharbour
7.1357665,-26.003342,Coldharbour
8.413669,-22.001516,Coldharbour
10.079393,27.411732,WAO138
-1.370341,10.735427,WAO138
23.70744,-4.533575,WAO138
27.913301,2.200942,WAO138
36.631268,22.234283,WAO138
46.466408,12.547911,WAO138
0.5832329,3.0122342,FSOE
26.292604,5.168424,FSOE
45.14382,6.1213913,FSOE
46.13654,6.439806,FSOE
38.253555,21.823704,FSOE
53.89654,-2.7118123,FSOE
-54.0601,-1.8191277,Anjunabeats
-28.11756,-1.2544193,Anjunabeats
-54.49165,0.76925284,Anjunabeats
-35.97999,12.73439,Anjunabeats
-53.05056,-4.369793,Anjunabeats
-41.419838,-14.23758,Anjunabeats
-13.197077,1.5118868,Coldharbour
-16.8745,4.128324,Coldharbour
-16.096151,4.004367,Coldharbour
-2.4356174,-1.2500423,Coldharbour
0.21693867,-18.643734,Coldharbour
-5.626321,-25.949265,Coldharbour
-0.9750091,-37.970356,Coldharbour
2.973053,-42.29523,Coldharbour
1.9914093,-29.962004,Coldharbour
0.19294374,-29.322313,Coldharbour
3.0166242,-33.41215,Coldharbour
1.5371075,-15.112368,Coldharbour
54.052948,2.4098697,FSOE
38.423473,-19.840647,FSOE
36.50878,-2.0654492,FSOE
37.53144,10.871104,FSOE
43.04402,6.073801,FSOE
41.508907,7.3821535,FSOE
-2.0064127,11.850997,WAO138
-7.4043922,30.424833,WAO138
16.582197,-9.697091,WAO138
26.856346,18.17161,WAO138
28.131271,20.807144,WAO138
28.196487,18.715046,WAO138
-24.915205,-4.924055,Anjunabeats
-4.043318,7.665233,Anjunabeats
-8.364,25.182163,Anjunabeats
-0.2634209,32.21006,Anjunabeats
-7.9027057,-4.774743,Anjunabeats
-28.07476,19.891354,Anjunabeats
1.2920781,5.850253,FSOE
-36.640354,10.009242,FSOE
-19.299158,18.19237,FSOE
17.808512,-13.494235,FSOE
47.685593,12.445946,FSOE
47.016945,17.285812,FSOE
22.42757,29.522022,WAO138
20.622072,19.05557,WAO138
11.756929,13.384185,WAO138
21.768793,0.7884909,WAO138
32.83537,24.57469,WAO138
20.046677,23.742123,WAO138
-33.010387,15.944237,Anjunabeats
-30.80847,-18.493963,Anjunabeats
-44.13061,-3.9586577,Anjunabeats
-45.122173,-13.916456,Anjunabeats
-25.756502,12.331407,Anjunabeats
-48.702282,-5.761749,Anjunabeats
-34.973995,16.190046,Anjunabeats
-15.599719,-6.0807676,Anjunabeats
-23.728601,-13.727922,Anjunabeats
-37.739395,14.831742,Anjunabeats
-37.614265,-15.043588,Anjunabeats
-42.40637,8.519167,Anjunabeats
10.457896,26.547518,WAO138
-8.052044,25.746367,WAO138
-23.706923,-4.8314347,WAO138
-34.262764,-12.853885,WAO138
-23.222221,22.396788,WAO138
18.62748,-4.048242,WAO138
-1.4397336,29.683939,WAO138
1.306195,-44.456818,WAO138
4.118024,-10.733116,WAO138
16.98935,-3.4892156,WAO138
-3.872687,35.168,WAO138
-4.2653017,33.266018,WAO138
16.023945,31.092045,WAO138
19.703636,6.7447557,WAO138
10.576599,21.01043,WAO138
9.224499,29.285194,WAO138
-3.2000978,33.12479,WAO138
7.292348,29.641603,WAO138
34.13156,25.244865,WAO138
5.1482415,21.843897,WAO138
30.84974,12.819307,WAO138
31.822168,15.539071,WAO138
48.08575,14.446569,WAO138
48.39616,15.299011,WAO138
10.704897,29.30314,WAO138
15.656162,-16.21814,WAO138
-9.204567,1.9015108,WAO138
24.194601,2.6599836,WAO138
44.840584,2.6973803,WAO138
26.355536,-4.1158466,WAO138
-6.441298,-41.725216,Coldharbour
-15.587231,-39.835186,Coldharbour
-6.0266933,-35.942932,Coldharbour
-5.8283267,-40.707996,Coldharbour
-4.8749733,-43.815487,Coldharbour
-15.813402,-39.582752,Coldharbour
4.699634,-14.205341,Coldharbour
35.65387,-16.20873,Coldharbour
-5.915454,-30.47391,Coldharbour
-7.0529194,-42.04468,Coldharbour
-1.3038824,-39.29082,Coldharbour
11.804216,-22.09723,Coldharbour
3.9904053,1.7142613,FSOE
36.78285,-20.809914,FSOE
51.11491,-10.8010025,FSOE
51.54163,-9.507633,FSOE
51.177216,-9.677968,FSOE
54.034634,-7.7750154,FSOE
-26.388947,-25.00979,Coldharbour
-28.789858,-23.359184,Coldharbour
-17.33278,-32.658787,Coldharbour
-2.8023953,-24.350103,Coldharbour
-12.602989,-37.98691,Coldharbour
-12.468932,-41.841866,Coldharbour
-28.334888,19.18159,Anjunabeats
-25.70015,-0.21708615,Anjunabeats
-38.84512,2.545211,Anjunabeats
-57.37629,2.383295,Anjunabeats
-56.26981,-0.8757168,Anjunabeats
-30.834053,18.449438,Anjunabeats
-31.84737,14.188841,Coldharbour
-31.064478,-20.409613,Coldharbour
-19.317244,-17.53314,Coldharbour
1.3159958,-16.647388,Coldharbour
-0.9493529,-25.938585,Coldharbour
-4.396051,-8.851325,Coldharbour
-25.961582,-15.825067,Anjunabeats
-37.12985,-17.239607,Anjunabeats
-40.153225,-12.772661,Anjunabeats
-45.3767,-0.85020113,Anjunabeats
-7.3101206,31.564026,Anjunabeats
-0.85396,-9.149791,Anjunabeats
-31.490385,16.388252,Anjunabeats
-14.137453,-2.0353956,Anjunabeats
6.451798,-25.708601,Anjunabeats
-40.085247,2.7833967,Anjunabeats
-40.311035,1.890586,Anjunabeats
4.43059,-26.067045,Anjunabeats
-44.869976,-4.044753,Anjunabeats
-53.31639,3.9817576,Anjunabeats
-36.42402,-8.882196,Anjunabeats
-34.94717,21.210608,Anjunabeats
-30.81225,16.220388,Anjunabeats
-2.3714616,-9.164754,Anjunabeats
-33.736988,7.18995,Anjunabeats
-44.982872,5.7448306,Anjunabeats
-47.665806,13.177305,Anjunabeats
-50.145382,5.7958755,Anjunabeats
-28.9338,-14.507901,Anjunabeats
-36.340656,-6.139929,Anjunabeats
8.575309,38.34294,WAO138
19.071402,-2.1811554,WAO138
22.587914,17.228918,WAO138
12.398481,-10.6160145,WAO138
10.084769,-12.152931,WAO138
22.420115,0.45132732,WAO138
-49.553257,-8.410102,Anjunabeats
-37.83334,1.3908013,Anjunabeats
-27.322365,-4.0140843,Anjunabeats
-53.39451,-9.460882,Anjunabeats
-41.81189,-3.2893956,Anjunabeats
-56.393257,0.8308437,Anjunabeats
26.27068,25.884668,WAO138
40.38405,-2.127471,WAO138
20.55829,16.040495,WAO138
24.164442,0.009489154,WAO138
29.917933,9.895933,WAO138
20.742739,31.385712,WAO138
37.189293,13.824596,FSOE
26.387821,-19.542282,FSOE
34.111897,2.0963037,FSOE
31.960545,-3.2902348,FSOE
29.546375,-2.3682845,FSOE
33.44229,9.489571,FSOE
-26.97057,-3.1063259,Anjunabeats
-30.77716,11.839099,Anjunabeats
-47.450855,-5.9860506,Anjunabeats
38.27515,-12.540521,Anjunabeats
-36.149868,-18.72105,Anjunabeats
-37.13541,-17.66673,Anjunabeats
-42.688023,7.129052,Anjunabeats
-52.94153,4.330905,Anjunabeats
-37.884193,-12.855812,Anjunabeats
-35.053913,21.984652,Anjunabeats
-46.271473,-10.2336,Anjunabeats
-37.869244,-10.695609,Anjunabeats
3.4219282,32.407597,WAO138
-7.0906997,29.916101,WAO138
12.706968,-10.408793,WAO138
13.906675,-20.491482,WAO138
12.121814,13.538622,WAO138
23.94153,13.961105,WAO138
-5.6992393,-21.510485,Coldharbour
-17.889854,-13.742071,Coldharbour
2.327121,-25.99489,Coldharbour
10.448382,-20.301048,Coldharbour
-0.7980185,-13.078262,Coldharbour
-36.06941,-20.654348,Coldharbour
-23.155949,-12.123723,Coldharbour
1.5633318,-13.973662,Coldharbour
-36.003864,-9.565982,Coldharbour
0.49734256,-10.493658,Coldharbour
2.4828079,-10.88553,Coldharbour
9.362726,-11.251494,Coldharbour
-31.176958,16.649372,Anjunabeats
-31.669186,3.7478654,Anjunabeats
-52.543835,-0.107988544,Anjunabeats
-52.970055,-7.9018097,Anjunabeats
-42.17805,-14.628344,Anjunabeats
-41.94962,9.059936,Anjunabeats
-2.4067488,-40.13505,Coldharbour
-14.711134,-3.2202182,Coldharbour
8.730568,-24.938068,Coldharbour
14.18995,-15.483402,Coldharbour
14.087601,-19.064142,Coldharbour
13.006864,-19.609003,Coldharbour
-3.8820503,1.2967547,FSOE
2.1935942,-1.9226713,FSOE
54.119785,8.911794,FSOE
39.153027,-13.474497,FSOE
47.717808,-2.1388464,FSOE
45.99011,13.536867,FSOE
-49.12312,10.067512,Anjunabeats
-46.905785,8.520164,Anjunabeats
-45.898975,-17.234573,Anjunabeats
-25.652174,-12.356739,Anjunabeats
-22.032286,-16.9917,Anjunabeats
-36.0538,-6.4846363,Anjunabeats
-16.858223,-37.1851,Anjunabeats
-38.514454,5.8199754,Anjunabeats
-41.10181,23.95191,Anjunabeats
-44.001144,4.910884,Anjunabeats
-16.302252,-38.204693,Anjunabeats
-16.482912,-38.33781,Anjunabeats
31.247059,30.101643,FSOE
28.333315,4.8752356,FSOE
42.777622,21.939465,FSOE
20.318623,-17.639017,FSOE
43.103535,2.575041,FSOE
27.296066,-0.78330666,FSOE
53.037693,1.4797006,FSOE
53.425182,6.466476,FSOE
39.605114,-10.292442,FSOE
20.999603,25.752497,FSOE
28.835983,21.413439,FSOE
43.590355,19.618223,FSOE
-52.734158,-3.8177161,WAO138
6.3712955,39.162197,WAO138
5.616699,32.70438,WAO138
-9.849153,14.528445,WAO138
14.263637,30.867466,WAO138
8.431559,27.507256,WAO138
45.604282,-10.361216,FSOE
51.40988,-2.7270832,FSOE
44.86879,-9.946665,FSOE
42.86546,18.781082,FSOE
31.588402,25.657991,FSOE
55.12369,7.4981604,FSOE
-3.0477617,-40.24273,Coldharbour
-17.95989,-40.431263,Coldharbour
-21.957111,-20.684132,Coldharbour
-8.181379,-39.15038,Coldharbour
-3.3153598,-39.0867,Coldharbour
-2.2936056,-38.711006,Coldharbour
46.853584,11.2189665,FSOE
5.610965,1.5872384,FSOE
-11.279953,-10.305107,FSOE
31.63523,-5.915202,FSOE
32.968235,0.6529196,FSOE
41.939747,10.734771,FSOE
-50.951355,10.383301,Anjunabeats
-49.99063,10.475005,Anjunabeats
-38.622738,-5.270299,Anjunabeats
-40.043125,-0.71302104,Anjunabeats
-58.168945,9.771503,Anjunabeats
-49.48165,4.145322,Anjunabeats
-40.48708,13.137965,Anjunabeats
-45.98567,12.833282,Anjunabeats
-44.83714,-18.320059,Anjunabeats
-57.883713,-6.4603715,Anjunabeats
-57.753124,-5.4265018,Anjunabeats
-41.389874,-13.41254,Anjunabeats
-14.144797,13.839485,Coldharbour
6.4230976,-23.403856,Coldharbour
4.811816,-16.35997,Coldharbour
9.111547,-22.726637,Coldharbour
18.427177,-17.044212,Coldharbour
18.094376,-0.23926692,Coldharbour
-1.4918615,6.001573,FSOE
42.8977,-12.099863,FSOE
45.033195,-5.586475,FSOE
43.8599,7.8951497,FSOE
32.350983,12.460525,FSOE
39.213833,-14.030376,FSOE
-13.880913,-38.483967,Coldharbour
-25.624298,-24.409863,Coldharbour
-26.028906,-18.788265,Coldharbour
2.0713782,-38.446163,Coldharbour
-0.90180403,-27.023012,Coldharbour
-14.0763,-33.599014,Coldharbour
-6.725316,-7.202479,Anjunabeats
-34.454433,5.50346,Anjunabeats
-42.52069,-6.781009,Anjunabeats
-55.687237,3.8155246,Anjunabeats
-46.000923,-17.404284,Anjunabeats
-38.372612,-4.989337,Anjunabeats
-29.454874,-0.8859435,Anjunabeats
-51.29353,8.53841,Anjunabeats
-57.239902,-5.3273344,Anjunabeats
-46.464123,-5.3061657,Anjunabeats
-50.428913,5.234857,Anjunabeats
-44.133953,-14.278857,Anjunabeats
21.38878,7.566552,WAO138
18.3069,18.73554,WAO138
24.579842,5.8740697,WAO138
10.634761,14.873592,WAO138
19.78442,22.496834,WAO138
25.79833,10.634558,WAO138
-4.537436,-35.599033,Coldharbour
-14.88973,-19.488419,Coldharbour
2.064128,-27.146334,Coldharbour
5.338138,-30.138153,Coldharbour
-11.017942,-30.969852,Coldharbour
-6.541314,-28.341925,Coldharbour
-25.440344,-2.99943,WAO138
47.582417,-6.8972807,WAO138
33.393112,13.131627,WAO138
35.01879,10.558649,WAO138
40.606453,12.190042,WAO138
40.702225,-18.656773,WAO138
-34.882675,1.3358908,Anjunabeats
-45.73781,11.340596,Anjunabeats
-42.349632,-8.967824,Anjunabeats
-22.636017,-29.260294,Anjunabeats
-44.049175,-13.689883,Anjunabeats
-4.8144855,-21.820345,Anjunabeats
39.08046,-18.916826,FSOE
-21.466215,-22.357672,FSOE
40.235844,-21.977806,FSOE
33.010822,8.044821,FSOE
30.801577,-2.9832916,FSOE
20.984924,-4.968325,FSOE
-10.768397,-40.09289,Coldharbour
-27.411509,-24.66911,Coldharbour
-21.15327,-23.353872,Coldharbour
-14.817453,-25.36953,Coldharbour
-12.891782,-32.693424,Coldharbour
-12.0195465,-32.56461,Coldharbour
-4.9551396,8.197811,FSOE
42.001705,-10.602721,FSOE
-33.661972,-9.916263,FSOE
45.338505,9.904279,FSOE
23.242058,-10.106984,FSOE
37.441032,-5.494842,FSOE
-35.11073,4.2661076,Anjunabeats
-47.71689,6.029723,Anjunabeats
-42.666897,-10.940433,Anjunabeats
-58.633213,7.229137,Anjunabeats
-46.242065,19.072895,Anjunabeats
-46.175537,19.407782,Anjunabeats
-47.42473,-11.78587,Anjunabeats
-48.23196,7.248735,Anjunabeats
-44.698757,-3.600569,Anjunabeats
-41.539875,19.886217,Anjunabeats
-25.560328,8.33045,Anjunabeats
-50.22149,5.0897403,Anjunabeats
15.695577,29.321173,WAO138
10.958413,37.907467,WAO138
7.1388707,24.609087,WAO138
19.062685,0.6900023,WAO138
18.133928,26.841036,WAO138
8.164644,38.67431,WAO138
-17.947859,-24.106194,Coldharbour
12.168018,-21.506975,Coldharbour
21.777561,-16.057611,Coldharbour
15.694165,-23.455818,Coldharbour
16.418484,-22.608126,Coldharbour
5.4021306,-17.795782,Coldharbour
-25.730276,-16.70426,Coldharbour
7.2280827,-22.686304,Coldharbour
9.161326,-10.8883915,Coldharbour
-7.135787,-7.7368994,Coldharbour
5.1446376,-23.387846,Coldharbour
-9.519501,-5.245721,Coldharbour
-14.239257,18.9958,Anjunabeats
-53.584965,8.249318,Anjunabeats
-37.26415,-5.5621943,Anjunabeats
-42.651535,-3.2287838,Anjunabeats
-35.1555,19.5448,Anjunabeats
-36.039803,7.4218016,Anjunabeats
27.713896,19.443989,WAO138
19.913902,32.320892,WAO138
20.185797,16.893906,WAO138
21.616003,9.59282,WAO138
17.086374,27.44112,WAO138
29.411598,23.652323,WAO138
-4.8026447,-36.432255,Coldharbour
-1.5515473,-37.520084,Coldharbour
8.816874,-26.754524,Coldharbour
-8.49973,-38.35866,Coldharbour
8.620224,-25.92201,Coldharbour
-0.55978316,-14.0314,Coldharbour
-28.079042,-9.970799,Anjunabeats
-18.803682,-11.7276,Anjunabeats
-7.9287543,-12.691203,Anjunabeats
-45.944427,17.545374,Anjunabeats
-45.613514,17.387094,Anjunabeats
7.3063335,20.05902,Anjunabeats
-26.158518,-18.924282,Anjunabeats
-28.782587,-6.872121,Anjunabeats
-44.521248,6.792709,Anjunabeats
-37.199932,11.080616,Anjunabeats
-56.956696,9.772127,Anjunabeats
-44.76647,17.259623,Anjunabeats
32.55584,20.374071,FSOE
24.1816,17.187555,FSOE
-1.7846605,3.0365124,FSOE
50.115932,3.840603,FSOE
53.523273,10.982689,FSOE
45.954395,15.776079,FSOE
-34.478874,-20.295088,Coldharbour
-12.20969,-11.962789,Coldharbour
-1.6193088,-28.265343,Coldharbour
1.7005435,-10.967764,Coldharbour
-7.5819592,-26.254604,Coldharbour
-8.810904,-26.911524,Coldharbour
-46.605003,-9.684678,Anjunabeats
-38.584534,4.610918,Anjunabeats
-46.947197,8.189733,Anjunabeats
-28.312937,10.612923,Anjunabeats
-56.946877,11.218764,Anjunabeats
-56.857243,10.400187,Anjunabeats
-14.3674345,-18.923656,FSOE
-27.433863,1.3231031,FSOE
34.732395,-3.5584137,FSOE
22.59632,30.294256,FSOE
41.661053,12.010537,FSOE
42.823616,13.07395,FSOE
-21.509905,5.4030733,Anjunabeats
-56.84519,-0.13480887,Anjunabeats
-57.39744,4.4892645,Anjunabeats
-46.20441,7.038685,Anjunabeats
-58.36591,6.0724974,Anjunabeats
-58.35081,4.728256,Anjunabeats
-20.09431,-5.31784,Coldharbour
-7.408578,-34.57411,Coldharbour
-10.792008,-32.987503,Coldharbour
-11.296634,-33.7839,Coldharbour
-11.255346,-31.972614,Coldharbour
-16.161272,-41.98106,Coldharbour
42.559307,-5.7916727,FSOE
36.171223,-13.507204,FSOE
33.73396,-0.2203172,FSOE
25.61098,5.3581185,FSOE
34.552296,6.94669,FSOE
33.60649,6.157401,FSOE
15.454874,30.650578,WAO138
-13.911401,0.9400959,WAO138
-6.0304227,-10.248265,WAO138
19.032022,23.907583,WAO138
-3.983193,28.547674,WAO138
3.8272507,38.54479,WAO138
-3.8092716,-14.583932,Coldharbour
-33.085415,7.2741466,Coldharbour
1.7984359,-20.775549,Coldharbour
-3.5654433,-7.826516,Coldharbour
6.004415,-13.007717,Coldharbour
7.295063,-11.379296,Coldharbour
-17.857723,-34.23427,Coldharbour
-17.789942,-9.766155,Coldharbour
-25.719116,-20.294281,Coldharbour
-24.551077,-13.001487,Coldharbour
5.5762353,-21.645119,Coldharbour
-6.8078413,-4.915237,Coldharbour
-30.44184,0.7859186,FSOE
8.851194,0.6192646,FSOE
15.090088,38.539368,FSOE
28.288338,24.970358,FSOE
52.234303,1.0234214,FSOE
51.10229,-0.14061339,FSOE
-11.77246,16.32515,WAO138
27.527796,-12.195841,WAO138
14.37897,38.13416,WAO138
38.667797,11.096384,WAO138
19.7455,19.085728,WAO138
24.734034,22.153437,WAO138
28.058243,25.85645,FSOE
34.95799,-21.564041,FSOE
50.70385,-6.80037,FSOE
56.760494,-6.9526215,FSOE
56.577427,-7.000726,FSOE
56.83351,-6.946001,FSOE
-25.7613,-13.573224,Coldharbour
-12.810864,-14.3582535,Coldharbour
31.790579,-9.873254,Coldharbour
28.673223,-6.3288903,Coldharbour
13.335307,-23.469534,Coldharbour
15.691293,-23.746626,Coldharbour
31.605503,7.1873646,FSOE
19.801826,-15.229718,FSOE
18.225386,-13.263785,FSOE
38.665154,12.825435,FSOE
41.977905,3.255787,FSOE
44.275253,0.7342275,FSOE
2.1726332,-1.379842,Coldharbour
5.0383754,-0.644074,Coldharbour
31.171427,-21.487612,Coldharbour
-19.707033,-17.59762,Coldharbour
-10.526075,-33.99959,Coldharbour
35.146427,-18.036877,Coldharbour
55.980473,9.850124,WAO138
44.37856,-16.584114,WAO138
28.898218,9.083506,WAO138
34.311424,23.716007,WAO138
29.863655,9.322917,WAO138
47.237835,17.876299,WAO138
-25.340752,3.822913,Anjunabeats
-37.87158,23.897055,Anjunabeats
-19.353125,19.784122,Anjunabeats
-48.283688,-6.753102,Anjunabeats
-38.52868,23.815752,Anjunabeats
-58.8741,11.984065,Anjunabeats
-1.5892597,7.589862,Anjunabeats
-3.295677,7.7437725,Anjunabeats
-21.962627,3.5846775,Anjunabeats
-48.735115,12.40512,Anjunabeats
-49.309357,15.229985,Anjunabeats
-49.25853,15.26536,Anjunabeats
-7.885692,25.986479,WAO138
-10.658894,13.202427,WAO138
-12.775941,10.130032,WAO138
-29.250473,12.09616,WAO138
13.047043,26.515524,WAO138
28.928741,31.774029,WAO138
-50.32928,-4.219813,WAO138
-0.96521,-33.741608,WAO138
13.32128,-20.971024,WAO138
1.299457,33.95013,WAO138
-24.687315,9.209524,WAO138
-28.650133,17.772144,WAO138
0.15949221,-7.8681865,Anjunabeats
-35.535336,7.062801,Anjunabeats
-41.263573,-3.73399,Anjunabeats
-39.74781,-6.226166,Anjunabeats
-27.45807,9.955224,Anjunabeats
-26.438625,11.550817,Anjunabeats
-28.408524,3.5063906,Anjunabeats
-39.237076,14.705457,Anjunabeats
-32.40352,13.331255,Anjunabeats
-51.974003,-2.8843951,Anjunabeats
-50.168,-2.350787,Anjunabeats
-30.258236,12.612706,Anjunabeats
-19.00068,-7.9321194,WAO138
0.9472505,27.53752,WAO138
5.168736,27.15314,WAO138
5.7152357,36.754265,WAO138
17.7461,33.65915,WAO138
9.653018,32.768826,WAO138
35.225674,19.347164,WAO138
15.468043,25.738935,WAO138
29.144035,27.363419,WAO138
15.500827,12.449776,WAO138
17.650148,26.846308,WAO138
13.044278,35.703953,WAO138
3.0219736,5.5663347,FSOE
48.71391,-8.735493,FSOE
37.353554,-18.688402,FSOE
45.672985,-4.1257734,FSOE
45.057285,4.751561,FSOE
36.073322,15.978744,FSOE
-14.841676,4.634036,Anjunabeats
-42.83368,15.678441,Anjunabeats
-34.87046,-14.91784,Anjunabeats
-14.688214,21.365095,Anjunabeats
0.14124179,37.233025,Anjunabeats
-33.889538,18.591629,Anjunabeats
-5.3821692,8.789578,FSOE
37.849285,-13.517216,FSOE
39.752647,-17.828226,FSOE
29.86195,3.5952961,FSOE
50.50233,-0.53811413,FSOE
54.526657,7.2004623,FSOE
-45.662018,8.800336,Anjunabeats
-46.715405,10.837839,Anjunabeats
-17.827711,5.878143,Anjunabeats
-41.342537,1.2307205,Anjunabeats
-59.10055,9.126817,Anjunabeats
-36.731964,-10.393931,Anjunabeats
47.758312,-10.447508,FSOE
33.071014,-21.1063,FSOE
24.975218,7.451901,FSOE
39.933994,16.626085,FSOE
32.98201,26.655697,FSOE
32.76708,26.778824,FSOE
-59.423244,3.580751,Anjunabeats
-33.416916,-17.970016,Anjunabeats
-41.216866,-11.079493,Anjunabeats
-36.414387,15.245518,Anjunabeats
-28.02024,15.656893,Anjunabeats
-29.44832,17.752476,Anjunabeats
-3.228874,10.944813,FSOE
-2.8824396,9.679252,FSOE
38.061275,-15.878507,FSOE
21.19753,-16.885447,FSOE
39.313892,13.518555,FSOE
42.59856,13.610686,FSOE
37.569347,4.4088235,FSOE
-24.56459,1.4661679,FSOE
41.640064,-12.649824,FSOE
49.97032,-6.7957907,FSOE
54.536613,3.9383316,FSOE
53.308945,11.207936,FSOE
-0.94712216,9.063976,FSOE
40.876087,-13.407832,FSOE
44.533768,-8.300934,FSOE
49.606163,1.6862712,FSOE
43.293297,14.55195,FSOE
42.960526,4.1992135,FSOE
-8.044698,9.052247,FSOE
-2.2182565,17.660538,FSOE
16.974916,12.021729,FSOE
36.41333,-20.2487,FSOE
34.9972,-3.0120642,FSOE
42.22484,13.961806,FSOE
21.735415,19.584599,FSOE
-1.9919528,9.342552,FSOE
-3.98725,2.6601307,FSOE
27.042074,6.28122,FSOE
30.490416,16.705603,FSOE
23.371956,-6.32191,FSOE
0.4516245,0.29381645,Anjunabeats
-33.99311,-19.214481,Anjunabeats
-24.6641,-8.383167,Anjunabeats
-34.098442,22.098345,Anjunabeats
-28.893883,18.588505,Anjunabeats
0.33752322,-8.6657095,Anjunabeats
44.322598,-3.1967096,FSOE
42.169678,-17.18517,FSOE
29.188515,-18.54039,FSOE
49.462536,-4.205686,FSOE
49.01573,0.5895729,FSOE
47.082844,-5.570017,FSOE
11.560869,26.799566,FSOE
-2.0383801,-42.2908,FSOE
-11.509323,14.397731,FSOE
-8.568607,9.247419,FSOE
-45.074142,11.523177,FSOE
28.470528,-14.683128,FSOE
2.4976592,-43.789993,Coldharbour
-2.8182523,-34.47193,Coldharbour
-6.144535,-27.753218,Coldharbour
-5.8872795,-28.534285,Coldharbour
9.98231,-14.596893,Coldharbour
18.55514,-20.884539,Coldharbour
-46.031425,-9.372543,Anjunabeats
-55.629284,6.8312325,Anjunabeats
-55.61467,5.35168,Anjunabeats
-56.982746,-6.502034,Anjunabeats
-55.58695,-5.276468,Anjunabeats
-56.867905,-1.7508911,Anjunabeats
30.35374,26.995718,WAO138
-14.993023,-8.836903,WAO138
-10.76808,2.4178622,WAO138
28.45649,28.224848,WAO138
31.10832,26.752562,WAO138
20.211023,6.9043665,WAO138
0.7418016,-8.375484,Anjunabeats
-55.876728,10.793923,Anjunabeats
-37.56258,-7.668953,Anjunabeats
-40.06957,19.307869,Anjunabeats
-41.12858,19.469868,Anjunabeats
-36.938698,-7.8273735,Anjunabeats
15.174317,28.702124,WAO138
6.4399824,25.004202,WAO138
-12.147755,1.7761575,WAO138
10.39232,14.952149,WAO138
35.783974,11.930782,WAO138
36.121876,12.322585,WAO138
27.28863,1.594382,FSOE
47.140717,-15.929955,FSOE
48.979748,-8.673303,FSOE
42.646805,-0.60765314,FSOE
48.006584,7.449893,FSOE
47.60681,7.775972,FSOE
-22.630281,13.261388,Anjunabeats
-39.908875,13.441635,Anjunabeats
-29.414944,1.1199039,Anjunabeats
-55.425373,12.16388,Anjunabeats
-52.510468,-2.1811228,Anjunabeats
-11.6231165,18.159275,Anjunabeats
-57.985153,-8.12232,Anjunabeats
-49.821106,2.0439277,Anjunabeats
-53.397453,5.173509,Anjunabeats
-59.120735,-5.348696,Anjunabeats
-58.8932,-5.8385086,Anjunabeats
-57.666782,-2.373318,Anjunabeats
-27.15531,-1.8452317,Anjunabeats
-30.03067,-1.1219095,Anjunabeats
-40.918106,22.179274,Anjunabeats
-43.905125,6.30916,Anjunabeats
-52.713158,7.9564633,Anjunabeats
-47.028194,12.15321,Anjunabeats
-3.4011986,-9.532857,Coldharbour
-6.689351,-4.7500668,Coldharbour
6.7579346,-19.5374,Coldharbour
-12.108503,-39.110504,Coldharbour
-13.147374,-39.08577,Coldharbour
-12.57904,-40.364418,Coldharbour
2.7109268,21.883825,FSOE
-31.169022,14.419123,FSOE
-25.645332,-5.150212,FSOE
0.18144453,-19.76298,FSOE
20.028765,-7.04723,FSOE
20.066477,-4.30608,FSOE
-31.485928,-19.651205,Coldharbour
-18.54251,-40.62333,Coldharbour
-28.099974,-5.617383,Coldharbour
-8.314717,-35.929867,Coldharbour
-9.235383,-43.446014,Coldharbour
-9.337542,-43.369667,Coldharbour
1.6217278,-42.32837,Coldharbour
8.968468,-20.796614,Coldharbour
19.394255,-9.719246,Coldharbour
-3.5058422,-25.503424,Coldharbour
-2.0459735,-18.50498,Coldharbour
12.887044,-17.035027,Coldharbour
38.806194,5.55012,WAO138
51.642235,-1.1067172,WAO138
-4.9783263,7.210159,WAO138
-12.179217,6.275018,WAO138
23.351171,-11.270773,WAO138
47.499268,1.4700804,WAO138
27.447256,23.30593,WAO138
-8.560033,0.12830397,WAO138
9.494038,16.760925,WAO138
26.988949,-0.5984042,WAO138
33.07009,8.86025,WAO138
25.579397,14.638843,WAO138
23.779428,23.945929,WAO138
-10.082925,2.3284893,WAO138
18.70327,34.934803,WAO138
1.2952507,36.8743,WAO138
1.2790015,36.791008,WAO138
18.405636,35.098507,WAO138
-23.843472,-14.126921,Coldharbour
9.758457,-23.851843,Coldharbour
12.612038,-4.776354,Coldharbour
0.36355746,-20.22954,Coldharbour
14.288354,-17.515331,Coldharbour
4.0316377,-8.619685,Coldharbour
-25.32318,-24.775412,Coldharbour
7.339172,-22.87888,Coldharbour
13.256761,-15.980166,Coldharbour
20.71426,-12.912344,Coldharbour
12.595303,-18.584442,Coldharbour
3.7305193,-14.826235,Coldharbour
-26.674414,-13.652408,Anjunabeats
-15.858684,-19.594826,Anjunabeats
-3.5327466,-40.82934,Anjunabeats
-35.181576,-15.054122,Anjunabeats
-7.5019717,-24.510683,Anjunabeats
-5.661878,-24.056206,Anjunabeats
-24.541561,-21.754883,Coldharbour
-28.592297,-9.6212015,Coldharbour
-0.7839218,4.448382,Coldharbour
-16.27293,-23.918896,Coldharbour
-15.1960745,-25.15525,Coldharbour
-15.471438,-24.961187,Coldharbour
-2.1395288,29.593307,WAO138
5.956668,-8.628994,WAO138
-5.2581263,32.157707,WAO138
-7.40247,26.329891,WAO138
-2.9892986,30.01116,WAO138
8.828195,29.31773,WAO138
-51.11912,8.076498,Anjunabeats
-36.82993,18.192734,Anjunabeats
-54.984837,12.022587,Anjunabeats
-52.17886,6.5679317,Anjunabeats
-42.604774,-10.817283,Anjunabeats
-27.282505,19.001116,Anjunabeats
-38.0158,3.2301905,Anjunabeats
-50.06854,9.07316,Anjunabeats
-44.80843,20.019918,Anjunabeats
-37.737175,17.210258,Anjunabeats
-27.674505,17.016094,Anjunabeats
-38.64696,16.475737,Anjunabeats
15.8670225,33.14042,FSOE
56.614437,7.729713,FSOE
48.139656,4.988151,FSOE
31.630293,20.305809,FSOE
38.48829,21.959797,FSOE
50.41405,1.9375138,FSOE
9.90494,31.105768,WAO138
-4.548962,26.151623,WAO138
2.8083742,37.23827,WAO138
2.8253732,37.728443,WAO138
8.519196,31.203852,WAO138
3.5846946,33.077015,WAO138
26.788212,25.622135,FSOE
-9.409244,-25.758993,FSOE
30.126766,-12.65136,FSOE
43.164352,12.254579,FSOE
40.232616,8.664398,FSOE
40.904243,16.133072,FSOE
9.132312,36.054737,FSOE
21.23583,-1.6023344,FSOE
21.789467,-21.246048,FSOE
27.305515,-2.3520274,FSOE
18.66911,-16.417175,FSOE
1.1348234,-40.789505,FSOE
49.83265,-5.862663,FSOE
19.6482,-18.27951,FSOE
34.135723,-4.2939153,FSOE
24.33836,14.068215,FSOE
25.138006,20.238745,FSOE
11.447116,9.832004,FSOE
-3.7234626,-43.21632,Coldharbour
-4.0194945,-42.78305,Coldharbour
-27.76998,-20.011576,Coldharbour
-25.002659,-7.8382726,Coldharbour
-13.872009,-43.95484,Coldharbour
-2.6210055,-43.103973,Coldharbour
11.484615,33.007988,WAO138
6.050988,36.496708,WAO138
-11.826292,18.93741,WAO138
6.995789,32.436256,WAO138
7.631929,33.65449,WAO138
10.942381,34.4328,WAO138
-35.516544,21.419573,Anjunabeats
-37.869614,16.78974,Anjunabeats
-30.639051,20.04737,Anjunabeats
-38.574284,20.373762,Anjunabeats
-39.40506,20.184929,Anjunabeats
16.44298,11.96168,Anjunabeats
53.65318,5.4040003,FSOE
3.6139946,8.974158,FSOE
36.20103,-16.11627,FSOE
31.980762,0.6382307,FSOE
39.36386,14.5684595,FSOE
48.83059,13.746714,FSOE
8.715618,0.33435592,FSOE
38.591774,-13.133647,FSOE
23.392673,-18.084217,FSOE
38.330273,1.3468764,FSOE
30.368248,2.4977653,FSOE
29.944128,1.2006652,FSOE
-22.39606,-8.636577,FSOE
-20.766106,-13.950849,FSOE
1.1376544,-13.378936,FSOE
-15.906382,-18.194513,FSOE
30.564453,-15.510903,FSOE
22.456491,-12.711448,FSOE
-26.284159,-15.652971,Coldharbour
-15.201252,-21.05679,Coldharbour
-20.595993,-28.75942,Coldharbour
-16.741335,-40.01409,Coldharbour
-16.104937,-40.962486,Coldharbour
-7.63303,-40.196182,Coldharbour
-34.736824,9.095254,Anjunabeats
-51.77356,4.100076,Anjunabeats
-48.067623,16.51476,Anjunabeats
-37.566284,21.45243,Anjunabeats
-13.821506,18.455494,Anjunabeats
-42.46148,-4.5046954,Anjunabeats
-11.563792,15.324882,WAO138
-13.524765,-15.313005,WAO138
19.768375,1.5831094,WAO138
4.5616617,-8.959196,WAO138
22.019728,-4.0061073,WAO138
17.730242,-3.7863994,WAO138
-0.96881676,-22.207594,Coldharbour
-32.75247,6.6836796,Coldharbour
3.8576663,-20.322018,Coldharbour
-5.6565537,-24.546377,Coldharbour
-7.399545,-25.128021,Coldharbour
-2.4272053,-20.676464,Coldharbour
-28.328466,-0.18021975,Anjunabeats
-48.760242,-0.08061442,Anjunabeats
-48.88774,-0.16353336,Anjunabeats
-26.546438,-6.4462643,Anjunabeats
-28.451593,0.11647622,Anjunabeats
-39.98472,-0.7835553,Anjunabeats
-37.484386,4.3819222,Anjunabeats
-41.442356,-9.579551,Anjunabeats
-54.343315,-3.1008492,Anjunabeats
-59.102192,-4.2108293,Anjunabeats
-57.48963,-4.406212,Anjunabeats
-43.82822,-18.261263,Anjunabeats
-14.141858,-10.078351,Anjunabeats
-19.632885,-22.243986,Anjunabeats
-34.83354,-8.256341,Anjunabeats
-8.823551,-27.89805,Anjunabeats
-20.927677,-17.000093,Anjunabeats
-21.168327,-16.718634,Anjunabeats
10.792987,30.092543,Coldharbour
3.7626793,28.333954,Coldharbour
4.8865695,27.69453,Coldharbour
4.647049,28.111849,Coldharbour
5.5319495,28.545998,Coldharbour
5.65341,29.066635,Coldharbour
-16.257261,-20.08789,Coldharbour
-11.049391,-25.798733,Coldharbour
-9.7506895,-27.542477,Coldharbour
-11.825689,-34.63504,Coldharbour
-25.754824,-9.634871,Coldharbour
-26.842827,-15.186766,Coldharbour
10.72206,32.331154,WAO138
10.406494,24.361177,WAO138
-39.629425,18.390574,WAO138
-6.21556,-5.0648317,WAO138
5.619081,34.660187,WAO138
10.622899,33.73897,WAO138
19.10445,26.602549,WAO138
23.087374,18.947186,WAO138
18.959663,26.080334,WAO138
22.762897,25.381828,WAO138
23.10805,28.244228,WAO138
27.87351,21.912226,WAO138
18.639105,22.801132,WAO138
2.2824152,8.932095,WAO138
-4.165628,17.7937,WAO138
-4.665961,29.743084,WAO138
-4.0980625,32.698692,WAO138
7.9668264,35.72401,WAO138
29.083973,30.04689,WAO138
-11.539234,-1.408433,WAO138
-9.777438,0.849954,WAO138
19.853748,-22.422688,WAO138
21.362688,-5.7884192,WAO138
20.412706,-5.630033,WAO138
-45.216846,-6.7975907,Anjunabeats
-26.215149,14.539295,Anjunabeats
-46.750282,1.1817771,Anjunabeats
-37.115406,20.495558,Anjunabeats
-25.526884,18.021719,Anjunabeats
8.289134,10.911026,Anjunabeats
37.869053,27.597593,FSOE
38.868572,-22.09006,FSOE
29.729181,28.976143,FSOE
25.903742,-6.9979186,FSOE
22.59855,-3.6055355,FSOE
26.292692,21.504313,FSOE
19.305882,22.404762,WAO138
-10.77636,-14.715204,WAO138
15.030303,-10.1539135,WAO138
22.587553,22.869099,WAO138
38.44061,9.356654,WAO138
34.668186,12.107582,WAO138
-31.720316,11.625651,Anjunabeats
8.176271,-0.8459284,Anjunabeats
-19.342918,17.885218,Anjunabeats
10.491521,-5.5470366,Anjunabeats
-48.23771,-9.152676,Anjunabeats
-42.358772,-15.781534,Anjunabeats
-8.551021,-32.836906,Coldharbour
-24.124062,-19.4914,Coldharbour
-18.113256,-38.664673,Coldharbour
-19.39988,-39.32303,Coldharbour
0.8038332,-15.740353,Coldharbour
0.32746255,-15.785628,Coldharbour
-37.75505,15.190613,Anjunabeats
-42.81108,10.2408905,Anjunabeats
-40.218723,-14.202092,Anjunabeats
-43.692028,-18.720354,Anjunabeats
-60.15388,7.5253477,Anjunabeats
-58.670334,1.0623353,Anjunabeats
-5.962469,-44.331703,Coldharbour
-9.351465,-11.650959,Coldharbour
-10.552864,-11.045702,Coldharbour
8.794175,-15.171041,Coldharbour
5.832676,-16.307623,Coldharbour
3.1481109,-33.39031,Coldharbour
28.895983,30.749338,FSOE
20.016214,8.48933,FSOE
40.97324,-5.9731264,FSOE
22.968681,6.3347507,FSOE
39.349243,6.224703,FSOE
30.936836,22.106972,FSOE
-0.90033424,6.4958487,FSOE
43.876064,-13.421602,FSOE
42.635498,-14.056896,FSOE
38.951576,0.716639,FSOE
26.46592,15.008795,FSOE
22.625103,-7.8100433,FSOE
-31.786337,-16.387028,Anjunabeats
-58.332245,0.4524139,Anjunabeats
-34.728703,-1.2109152,Anjunabeats
-31.995785,-18.892197,Anjunabeats
-57.70923,0.4254815,Anjunabeats
-56.0224,-2.1157384,Anjunabeats
-47.046806,13.007489,Anjunabeats
-50.56573,7.402629,Anjunabeats
-44.574265,-7.536918,Anjunabeats
-52.99295,1.7428939,Anjunabeats
-55.756523,-0.09240216,Anjunabeats
-57.628906,11.446895,Anjunabeats
-36.81895,-19.945126,Anjunabeats
-46.286507,-3.3318806,Anjunabeats
-25.701569,-8.682717,Anjunabeats
-24.221125,-17.033875,Anjunabeats
-55.429928,-7.110174,Anjunabeats
-59.035248,-7.2552886,Anjunabeats
19.79025,-20.69086,Coldharbour
-9.518292,-35.69016,Coldharbour
-8.717725,-36.299885,Coldharbour
0.12411679,-32.91247,Coldharbour
-2.7012062,-31.075214,Coldharbour
6.4116235,-30.282953,Coldharbour
-22.779352,-24.543993,Coldharbour
-16.75546,-32.066208,Coldharbour
-13.6894455,-40.85812,Coldharbour
-34.976574,-16.351107,Coldharbour
-4.673666,-42.079,Coldharbour
-22.197676,-22.143702,Coldharbour
13.312551,-0.24639153,WAO138
-13.542512,18.340368,WAO138
-14.378579,11.541038,WAO138
0.15480615,30.408777,WAO138
-3.9067948,31.500048,WAO138
9.350955,36.51017,WAO138
6.6446643,12.746166,WAO138
-3.567963,26.402271,WAO138
0.39743638,-10.604229,WAO138
8.116841,-16.962362,WAO138
-11.235789,19.700373,WAO138
-8.92333,-4.6325006,WAO138
39.471127,-15.599236,FSOE
43.081886,-12.83246,FSOE
36.942173,-20.206373,FSOE
46.314064,-8.25277,FSOE
49.744926,8.886403,FSOE
45.854004,4.6554894,FSOE
-19.074892,-22.671696,FSOE
35.165585,-12.780767,FSOE
19.675007,-19.247349,FSOE
19.70275,-21.030851,FSOE
39.654873,9.463564,FSOE
41.075962,9.422051,FSOE
-25.305021,12.904184,WAO138
-46.411064,3.8324506,WAO138
1.9518602,-25.906366,WAO138
-8.189426,21.269228,WAO138
28.928776,16.435282,WAO138
-26.827776,9.441192,WAO138
41.825783,-8.162195,FSOE
52.462536,8.130494,FSOE
43.968315,-1.7319682,FSOE
50.982876,11.146763,FSOE
54.746094,1.1304452,FSOE
45.040955,-1.019851,FSOE
7.1293664,32.452187,WAO138
8.486923,32.719803,WAO138
9.923722,26.202446,WAO138
24.701496,29.236612,WAO138
8.402826,34.244118,WAO138
12.622286,23.014576,WAO138
1.2994372,22.388985,Coldharbour
2.970402,-16.86385,Coldharbour
2.5155196,-23.218695,Coldharbour
4.058007,-25.561378,Coldharbour
10.168527,-11.44524,Coldharbour
-18.842478,12.383676,Coldharbour
-7.0351057,-7.2457566,Anjunabeats
-32.751953,5.9998507,Anjunabeats
-46.843925,9.573446,Anjunabeats
-56.64697,6.02896,Anjunabeats
-39.93168,-7.2786555,Anjunabeats
-49.419704,-4.1209188,Anjunabeats
-33.54789,-3.6793277,FSOE
-13.978824,-9.502575,FSOE
49.978104,-10.944922,FSOE
37.42443,27.213995,FSOE
30.962215,23.538027,FSOE
30.239882,23.429852,FSOE
6.120758,34.832638,WAO138
2.3821764,32.01467,WAO138
-25.27036,0.62317044,WAO138
-9.37298,-2.0704966,WAO138
-11.967174,19.859623,WAO138
-2.2072985,33.971157,WAO138
3.8688722,38.841957,WAO138
-4.03489,30.566593,WAO138
14.037504,-0.4115857,WAO138
19.068981,-5.601833,WAO138
22.205431,22.603409,WAO138
-4.557952,30.415457,WAO138
34.237965,-20.476374,FSOE
30.416903,-21.27621,FSOE
23.300776,4.303113,FSOE
19.805037,-3.6401427,FSOE
24.270378,-3.2629826,FSOE
20.910479,-8.040296,FSOE
-48.077225,-10.036497,Anjunabeats
-47.041573,4.9473987,Anjunabeats
-2.0385096,-6.790263,Anjunabeats
9.6796055,11.611838,Anjunabeats
-57.002945,13.213313,Anjunabeats
-50.530807,-7.195573,Anjunabeats
-26.627855,-0.9116196,Coldharbour
-3.1502767,-30.712376,Coldharbour
-4.2586284,-29.900644,Coldharbour
-14.11453,0.042095266,Coldharbour
-12.964263,-10.52222,Coldharbour
-11.294354,-26.48302,Coldharbour
4.259986,-15.434169,Coldharbour
2.3551733,-34.62444,Coldharbour
18.070759,-6.5645256,Coldharbour
-16.455782,-28.233942,Coldharbour
2.0565767,-35.7568,Coldharbour
-4.024157,-15.422172,Coldharbour
13.249811,28.813196,WAO138
20.110481,26.83529,WAO138
14.505028,29.395226,WAO138
22.918566,26.50459,WAO138
-2.3663638,25.729431,WAO138
22.616125,4.75031,WAO138
